Generation,Voltages
0,2.255141384300746
1,3.739821600929813
2,7.548661844740385
3,7.548661844740385
5,10.017111089369482
6,10.017111089369482
